Year,WIMASirrigationLEMA_m3
2016,21719925.280715477
2017,16563854.107531087
2018,18452404.437689923
2019,12371720.1409931
2020,26020686.32432863
2021,21296796.668086182
