Year,WIMASirrigationLEMA_m3
2016,23067427.52713438
2017,17799102.73010886
2018,19786270.1111979
2019,13102703.341671908
2020,27732877.286789928
2021,22508439.369321175
