Year,WIMASirrigationLEMA_m3
2016,23093815.302711144
2017,17794210.32024121
2018,19797254.75953354
2019,13085579.082168186
2020,27876621.648559902
2021,0
