Year,WIMASirrigationLEMA_m3
2016,12597437.045893377
2017,9580070.379282592
2018,15738413.045442447
2019,9989396.550037371
2020,29099799.61760761
2021,0
