Algorithm,Bias_prc,MAE_1e5m3,R2,slope
disalexi,-29.4,0.7434904373363411,0.6035634644711342,0.9286924472433298
eemetric,12.9,0.844727438641576,0.6201545148527959,1.3660493018355633
ensemble,-13.9,0.7463582917133789,0.6089281564347003,1.0803325684414347
geesebal,-40.9,0.920464211330887,0.46822645079120706,0.8060825452999711
ptjpl,-24,0.7845534634800836,0.5592562150054056,0.9634210009497527
sims,42.7,0.8781033868056,0.6705433310554457,1.3908322153116541
ssebop,-16.6,0.7347991671746827,0.6241119746735995,1.0596956146266943
