Algorithm,Bias_prc_Annual,Bias_prc_Growing Season,Bias_prc_Water Year,MAE_1e7m3_Annual,MAE_1e7m3_Growing Season,MAE_1e7m3_Water Year,R2_Annual,R2_Growing Season,R2_Water Year,slope_Annual,slope_Growing Season,slope_Water Year
disalexi,4.2,-11.2,43.3,1.0142116680185465,1.0566785240185466,1.1321045060185464,0.8639228927475029,0.8079569498069926,0.657502350905647,3.1335955590101134,2.8449553227162228,2.8956860816209864
eemetric,44.9,36.3,84.1,1.2741399229331711,1.2237062329331712,1.7079850700619406,0.9640364073237542,0.9024753209052183,0.8374843415684878,4.06191924698532,3.7149885047470104,3.7320603179522713
ensemble,13.9,6.9,53,1.1513136169331712,0.9855267009331711,1.212997776933171,0.9605425073547512,0.9207713745959935,0.8573004674748426,3.6951717519076035,3.3400324767145952,3.481500115126301
geesebal,-16.7,-23.7,14.1,1.1634389124664626,1.1978005744664624,1.2361870000185464,0.8884866004983701,0.8329708103205926,0.8310742427317828,3.3452419281754393,3.0201145318680287,3.676772490979431
ptjpl,3.4,-4.9,42.1,1.1078974873810872,0.9730843704664623,1.095414170933171,0.9484458077033013,0.906510287129402,0.8240269199910608,3.611032496060982,3.2626810758104687,3.4540316842252663
sims,99.5,80.6,142.3,2.0192033080619405,1.6356503500619406,2.8888565280619405,0.9810923870806109,0.9407423737880998,0.7999872714735398,3.4311334422637665,3.048039233642215,2.8587905302868455
ssebop,-7.1,1,27.8,1.139146713381087,0.9458376353810872,1.048159434933171,0.9356364240083523,0.910944055692184,0.8990492562042989,3.314364274446555,3.1830707103834954,3.297936763797572
