Algorithm,Bias_prc,MAE_1e5m3,R2,slope
disalexi,-48.2,0.7148730380173218,0.23824980136203583,0.6227159054348578
eemetric,-11.4,0.6566712303844409,0.254745744687958,0.9155133613588263
ensemble,-35.2,0.6888663403652926,0.24882572042038456,0.7523763161865556
geesebal,-56.8,0.8432386673505398,0.1713842104004495,0.5652609712721188
ptjpl,-44.8,0.744678222967012,0.2180013611628472,0.664379027106801
sims,17.8,0.5779373687784769,0.27764231476003276,0.8887299781420188
ssebop,-37.6,0.6759312152872761,0.2611198266134377,0.7503183642909277
