Algorithm,Bias_prc_Annual,Bias_prc_Growing Season,MAE_1e7m3_Annual,MAE_1e7m3_Growing Season,R2_Annual,R2_Growing Season,slope_Annual,slope_Growing Season
disalexi,-20.7,-22.5,1.1695659749047183,1.0550873249047186,0.943537307757877,0.9273713132411083,3.0857715707014695,2.8937393586730664
eemetric,7.3,13.7,1.3607018324047184,1.2264608068448233,0.9115380232843356,0.9443363557163865,3.9419110800124963,3.853973696837539
ensemble,-19,-12.8,1.3846489124047185,1.1910730599047183,0.9141736788894587,0.9490013508601912,3.410489353096824,3.3158584533838154
geesebal,-38.7,-33.5,1.5100932724047187,1.3146891849047184,0.8462945432236254,0.9020811529935888,3.1032870997164377,2.9738934123009866
ptjpl,-26,-21,1.4423875749047186,1.2655595424047186,0.8897843097165828,0.935068731091404,3.3185024511418875,3.209336678715637
sims,56,55.8,1.3484170353393805,1.1744260078393802,0.9710119945714485,0.9874097238325901,3.691565258751062,3.295756840852444
ssebop,-38.2,-21.3,1.4007491774047185,1.2438021124047185,0.861617695691778,0.9253388039549987,2.9193793628780194,3.136088945026699
