Algorithm,Bias_prc,MAE_1e5m3,R2,slope
disalexi,-42.4,0.8281107867284856,0.560084634482255,0.8111660448108683
eemetric,-2.5,0.8394928115551723,0.591257071463342,1.2585298864068615
ensemble,-28.3,0.8154603471190884,0.5671511064206821,0.9681959469422545
geesebal,-51.8,0.9994338824586994,0.41477817828030944,0.6936676051501728
ptjpl,-37.9,0.8805144747076179,0.5047990953819268,0.8488548176623609
sims,26.1,0.7611165034720594,0.6485886096864478,1.2836096290488657
ssebop,-30.6,0.798222627769131,0.5805339736883133,0.948103826367301
