Algorithm,Bias_prc,MAE_1e7m3,R2,slope
ensemble,0,0.07984327585162627,0.966088933138636,0.9556764829009369
disalexi,0,0.3300628477818107,0.5027447726507148,0.8160748841390318
eemetric,0,0.11268165096900842,0.9227507656310702,0.9217756441610643
geesebal,0,0.24973661778678696,0.6505652443460328,0.8053031453452855
ptjpl,0,0.09934947471179285,0.9306328544230417,0.9260041382450697
sims,0,0.01928650815545545,0.9979393822818386,0.9882307221798438
ssebop,0,0.14938623912125565,0.8839801419851733,0.9458452891471919
