Bias_prc_m3,MAE_m3,R2_m3,slope_m3,Bias_prc_mm,MAE_mm,R2_mm,slope_mm,time,group
69.3,1.0669017868542057,0.7211603065773027,0.498102024152836,22.6,76.75150938090096,0.2866829377768914,0.47054979580306877,Annual,SD6
69.3,1.0315685264859855,0.7983009118146028,0.5328873944277319,22.7,59.93926207006491,0.010866737256357438,0.1433977638452878,Avg,SD6
28,0.6634020073497958,0.7077992696976274,0.6057324879293549,18.6,94.369071496378,0.22820097195872088,0.4333624447779606,Annual,areaMatch
31.4,0.6131043241704501,0.8100116509867741,0.6426998788157895,20.6,73.84512934487266,0.24506990273941814,0.5706268786715113,Avg,areaMatch
