Algorithm,Bias_prc,MAE_1e7m3,R2,slope
ensemble,0,0.09294038848892275,0.9539240593726593,1.0102063214757315
disalexi,0,0.34098190533763784,0.4615469009706919,0.5649530946617916
eemetric,0,0.16927279982131777,0.8511902612506075,0.9691617682695152
geesebal,0,0.18379400931050577,0.7849821739446688,0.845376883228445
ptjpl,0,0.1222345612559876,0.9015103391629485,0.9607200676650269
sims,0,0.10041277669412105,0.949460930179191,1.0199820836896414
ssebop,-0,0.13208980592191547,0.8936936632356272,0.9612428538040908
