Algorithm,Bias_prc_Annual,Bias_prc_Growing Season,Bias_prc_Water Year,MAE_1e7m3_Annual,MAE_1e7m3_Growing Season,MAE_1e7m3_Water Year,R2_Annual,R2_Growing Season,R2_Water Year,slope_Annual,slope_Growing Season,slope_Water Year
disalexi,4.2,-11.2,5.3,1.0142116680185465,1.0566785240185466,1.1525994500185464,0.8639228927475029,0.8079569498069926,0.6721320375341195,3.1335955590101134,2.8449553227162228,2.650099654160112
eemetric,44.9,36.3,44.6,1.2741399229331711,1.2237062329331712,1.4193805357288167,0.9640364073237542,0.9024753209052183,0.8619346252287303,4.06191924698532,3.7149885047470104,3.565860489825398
ensemble,13.9,6.9,17,1.1513136169331712,0.9855267009331711,1.013197318933171,0.9605425073547512,0.9207713745959935,0.8843984559615771,3.6951717519076035,3.3400324767145952,3.1024792559182095
geesebal,-16.7,-23.7,-13.6,1.1634389124664626,1.1978005744664624,1.0463966200185466,0.8884866004983701,0.8329708103205926,0.8275816168338648,3.3452419281754393,3.0201145318680287,2.8325471549336902
ptjpl,3.4,-4.9,7,1.1078974873810872,0.9730843704664623,0.9780882760185465,0.9484458077033013,0.906510287129402,0.8700960247707743,3.611032496060982,3.2626810758104687,3.0189485544990347
sims,99.5,80.6,91.4,2.0192033080619405,1.6356503500619406,2.006494527728817,0.9810923870806109,0.9407423737880998,0.8902447935878315,3.4311334422637665,3.048039233642215,3.3774499167452836
ssebop,-7.1,1,-3.3,1.139146713381087,0.9458376353810872,0.7980801540185463,0.9356364240083523,0.910944055692184,0.9055826057708819,3.314364274446555,3.1830707103834954,2.6370643005654397
