Algorithm,Bias_prc_Original,Bias_prc_PrecipCorrect,Bias_prc_AreaShift,MAE_1e7m3_Original,MAE_1e7m3_PrecipCorrect,MAE_1e7m3_AreaShift,R2_Original,R2_PrecipCorrect,R2_AreaShift,slope_Original,slope_PrecipCorrect,slope_AreaShift
disalexi,46.8,0,-6.9,0.9497753760619404,0.34098190533763784,0.2958656041785464,0.6908250380814388,0.4615469009706919,0.6908250380814388,0.4327480646189511,0.5649530946617916,0.6825679252664848
eemetric,98.5,0,25.9,2.0002441480619404,0.16927279982131777,0.5252598409739404,0.8776987692996734,0.8511902612506075,0.8776987692996734,0.3877519678379261,0.9691617682695152,0.6115961637822179
ensemble,67.5,0,6.2,1.3702253440619403,0.09294038848892275,0.18785783045567,0.9301940601120398,0.9539240593726593,0.9301940601120401,0.4681142629951961,1.0102063214757315,0.7383505725476278
geesebal,25.4,0,-20.5,0.6033279657288169,0.18379400931050577,0.4649621263864624,0.88673729685161,0.7849821739446688,0.8867372968516102,0.39691877484075727,0.845376883228445,0.626054849906557
ptjpl,54.8,0,-1.8,1.1128271800619403,0.1222345612559876,0.18577278069046246,0.9156509778448454,0.9015103391629485,0.9156509778448454,0.46456133905040425,0.9607200676650269,0.7327465915621517
sims,144.4,0,54.9,2.9305214960619406,0.10041277669412105,1.1150556796059405,0.9307857702916869,0.949460930179191,0.9307857702916867,0.6092605521613028,1.0199820836896414,0.9609787888979544
ssebop,60.5,-0,1.8,1.2283358760619405,0.13208980592191547,0.15702122802621096,0.9098859140901281,0.8936936632356272,0.9098859140901283,0.48907248286788435,0.9612428538040908,0.7714077016843601
