Algorithm,Bias_prc_Original,Bias_prc_PrecipCorrect,Bias_prc_AreaShift,MAE_1e7m3_Original,MAE_1e7m3_PrecipCorrect,MAE_1e7m3_AreaShift,R2_Original,R2_PrecipCorrect,R2_AreaShift,slope_Original,slope_PrecipCorrect,slope_AreaShift
disalexi,36,0,26.6,0.7319182137357203,0.3463165751635793,0.552837030196166,0.6781248655224822,0.4722770882913915,0.6781248655224821,0.45720243697105567,0.580919589596582,0.49108747257900687
eemetric,83.9,0,71.2,1.7055407677357202,0.182273254319129,1.4475849308257207,0.8649359517332906,0.8209227563895144,0.8649359517332906,0.411430164183036,0.9513135601003225,0.441922840153637
ensemble,54.8,0,44.2,1.1149808897357203,0.12111153919399786,0.8977736844077207,0.9174551305361148,0.9279302149577099,0.9174551305361147,0.4984285540646508,1.0023376117932192,0.53536901618115
geesebal,16.3,0,8.3,0.5104504599405416,0.17523205750836918,0.48392300325454174,0.8783711044535997,0.7811201616350852,0.8783711044535997,0.425628669986881,0.8530064483446046,0.45717365197301935
ptjpl,42.7,0,32.8,0.8673496957357203,0.13320633423151568,0.6672290427937204,0.9048479228127684,0.8874358319220534,0.9048479228127682,0.49551562091590556,0.9634598804175986,0.5322401943242809
sims,124.6,-0,109.1,2.5334909877357203,0.12388442337600258,2.2184065856457207,0.907777045960091,0.9158205122252064,0.9077770459600906,0.6354928059910033,1.011048781102956,0.6825916283469422
ssebop,49.1,0,38.8,0.9973662097357203,0.1272699078651208,0.7882744173277205,0.9006773979514764,0.88465902826994125,0.9006773979514764,0.522304658861657,0.967436978728509,0.5610146711725641
